Company_ID,Company_Name,Industry,Revenue,Employees,Location
0.6931471805599453,Company 1,Retail,14.68580551771627,3.258096538021482,New York
1.0986122886681098,Company 2,Manufacturing,15.629307573496119,5.765191102784844,Phoenix
2.3978952727983707,Company 10,Technology,15.121533414405256,6.077642243349034,Phoenix
2.5649493574615367,Company 12,Finance,15.955794109594738,5.940171252720432,New York
2.6390573296152584,Company 13,Healthcare,15.638414464853208,6.111467339502679,Houston
